{"cameraMode":{"drawMode":2,"name":"Shaded Wireframe","section":"Shading Mode"},"sceneLighting":false,"audioPlay":false,"sceneViewState":{"m_AlwaysRefresh":false,"showFog":true,"showSkybox":false,"showFlares":true,"showImageEffects":true,"showParticleSystems":true,"showVisualEffectGraphs":true,"m_FxEnabled":true},"in2DMode":false,"pivot":{"x":-0.47789716720581057,"y":0.34695038199424746,"z":0.9174842834472656},"rotation":{"x":-0.00853562168776989,"y":-0.39896777272224429,"z":0.0037162895314395429,"w":-0.9169366955757141},"size":1.6305220127105713,"orthographic":false}