{"cameraMode":{"drawMode":2,"name":"Shaded Wireframe","section":"Shading Mode"},"sceneLighting":false,"audioPlay":false,"sceneViewState":{"m_AlwaysRefresh":false,"showFog":true,"showSkybox":false,"showFlares":true,"showImageEffects":true,"showParticleSystems":true,"showVisualEffectGraphs":true,"m_FxEnabled":true},"in2DMode":false,"pivot":{"x":-0.0032495856285095217,"y":0.514833927154541,"z":-0.12800073623657227},"rotation":{"x":-0.14251628518104554,"y":0.6413846015930176,"z":-0.12288893014192581,"w":-0.7437955737113953},"size":1.5877854824066163,"orthographic":false}